year,month,month_name,total_enrolments,demo_updates,bio_updates,system_load
2025,3,March,16582.0,11147558.0,8322222.0,19486362.0
2025,4,April,257438.0,1515672.0,8641679.0,10414789.0
2025,5,May,183616.0,1566287.0,7879956.0,9629859.0
2025,6,June,215734.0,1685562.0,7899289.0,9800585.0
2025,7,July,616868.0,2220715.0,9792552.0,12630135.0
2025,9,September,1475867.0,7324060.0,6654928.0,15454855.0
2025,10,October,817919.0,5010966.0,4582655.0,10411540.0
2025,11,November,1091996.0,9387601.0,7285506.0,17765103.0
2025,12,December,759464.0,9436764.0,8704308.0,18900536.0
